{"coco/bbox_mAP": 0.775, "coco/bbox_mAP_50": 0.97, "coco/bbox_mAP_75": 0.97, "coco/bbox_mAP_s": -1.0, "coco/bbox_mAP_m": -1.0, "coco/bbox_mAP_l": 0.775, "data_time": 0.4933588071302934, "time": 0.5320773991671476}